Supplies Specific to Life Sciences,,,,,,,,,,,,,,,,,,,,,,,,,,,,,,,,
,,,,,,,,,,,,,,,,,,,,,,,,,,,,,,,,
,,,,,,,,,,,,,,,,,,,,,,,,,,,,,,,,
,Scroll Across to find Room #   →→,1107,,,,1109,,,1207,,,,1307,,,,1310 Storeroom,,,,1311,,,,1407,,,,1421,,,
Item:,Description:,Storage Location,Quanitity Spring 2026,Quantity     Spring 2024,Notes/comments,Storage Location,Quantity     Spring 2024,Notes/comments,Storage Location,Quanitity Spring 2026,Quantity     Spring 2024,Notes/comments,Storage Location,Quanitity Spring 2026,Quantity     Spring 2024,Notes/comments,Storage Location,Quanitity Spring 2026,Quantity     Spring 2024,Notes/comments,Storage Location,Quanitity Spring 2026,Quantity     Spring 2024,Notes/comments,Storage Location,Quanitity Spring 2026,Quantity     Spring 2024,Notes/comments,Storage Location,Quanitity Spring 2026,Quantity     Spring 2024,Notes/comments
Gel Electrophoresis and Biotechnology Supplies,,,,,,,,,,,,,,,,,,,,,,,,,,,,,,,,
Gel boxes,gel box trays-shorter,,,0,,,,,,,0,,,,,,,,,,,,,,,,,,,,,
,gel box trays-longer,,,0,,,,,,,0,,,,,,,,,,,,,,,,,,,,,
,gel boxes,,,0,,,,,,,0,,,,,,,,,,,,,,,,,,,,,
,gel box lids,,,0,,,,,,,0,,,,,,,,,,,,,,,,,,,,,
black dams,,,,0,,,,,,,,,,,,,,,,,,,,,,,,,,,,
Combs,white,,,0,,,,,,,0,,,,,,,,,,,,,,,,,,,,,
,blue,,,0,,,,,,,0,,,,,,,,,,,,,,,,,,,,,
,"long clear, w/ white ",,,0,,,,,,,0,,,,,,,,,,,,,,,,,,,,,
,clear,,,0,,,,,,,0,,,,,,,,,,,,,,,,,,,,,
,orange,,,0,,,,,,,0,,,,,,,,,,,,,,,,,,,,,
Centrifuge and supplies,centrifuge tubes (boxes of 500),,,2,,,,,,,0,,,,,,,,,,,,,,,,,,,,,
,plastic centrifuge tube holders,,,16,,,,,,,0,,,,,,,,,,,,,,,,,,,,,
,Mini/micro centrifuges,,,1,,,,,,,0,,,,,,,,,,,,,,,,,,,,,
,random black mini centrifuge,,,0,,,,,,,0,,,,,,,,,,,,,,,,,,,,,
,microcentrifuge foams,,,2 boxes,,,,,,,0,,,,,,,,,,,,,,,,,,,,,
,microcentrifuge trays,,,0,,,,,,,,,,,,,,,,,,,,,,,,,,,,
clear plastic trays,staining trays,,,30,,,,,,,0,,,,,,,,,,,,,,,,,,,,,
Cooler,"personal ice chest, small",,,4,,,,,,,0,,,,,,,,,,,,,,,,,,,,,
Light boxes,,,,12,,,,,,,0,,,,,,,,,,,,,,,,,,,,,
Micropipette tips,Tip boxes,,,64,these are mostly for p10 size,,,,,,0,,,,,,,,,,,,,,,,,,,,,
,Tip Boxes 1000 Pipettes,,,0,,,,,,,0,,,,,,,,,,,,,,,,,,,,,
,blue micropipette tips (in plastic packaging),,,0,,,,,,,0,,,,,,,,,,,,,,,,,,,,,
,Yellow Tips (1 box/200 tips),,,0,,,,,,,0,,,,,,,,,,,,,,,,,,,,,
,blue tips (1 box/200 tips),,,0,,,,,,,0,,,,,,,,,,,,,,,,,,,,,
Microwaves,,,,1,,,,,,,2,,,,1,,,,,,,,,,,,,,,,,
Mini-Pipettes,Small,,,0,,,,,,,0,,,,,,,,,,,,,,,,,,,,,
,medium,,,0,,,,,,,0,,,,,,,,,,,,,,,,,,,,,
,large,,,0,,,,,,,0,,,,,,,,,,,,,,,,,,,,,
pipette accessories,TAE buffer 20X (100 ml each),,,0,,,,,,,0,,,,,,,,,,,,,,,,,,,,,
,TAE buffer 50X (100 ml each),,,0,,,,,,,0,,,,,,,,,,,,,,,,,,,,,
,TAE buffer 10X-1 Liter,,,0,,,,,,,0,,,,,,,,,,,,,,,,,,,,,
,Agarose,,,0,,,,,,,0,,,,,,,,,,,,,,,,,,,,,
,BioRad/Quick View Stain-100 ml,,,0,,,,,,,0,,,,,,,,,,,,,,,,,,,,,
,Carolina Blue Stain -50 ml,,,0,,,,,,,0,,,,,,,,,,,,,,,,,,,,,
,Carolina Blue Stain-250 ml,,,0,,,,,,,0,,,,,,,,,,,,,,,,,,,,,
,wards DNA stains (20 ml),,,0,,,,,,,0,,,,,,,,,,,,,,,,,,,,,
Power Supplies,"low volt, 25/50",,,3,,,,,,,0,,,,,,,,,,,,,,,,,,,,,
,low volt 70/125,,,0,,,,,,,0,,,,,,,,,,,,,,,,,,,,,
,Tetrasource 300 power supply,,,0,,,,,,,0,,,,,,,,,,,,,,,,,,,,,
,Edvotek Power Supply Purple,,,0,,,,,,,0,,,,,,,,,,,,,,,,,,,,,
Protein Electrophoresis Machine,,,,8,,,,,,,0,,,,,,,,,,,,,,,,,,,,,
UV Lights,regular,,,1,,,,,,,0,,,,,,,,,,,,,,,,,,,,,
,small,,,28,,,,,,,0,,,,,,,,,,,,,,,,,,,,,
Vortexer,,,,1,,,,,,,0,,,,,,,,,,,,,,,,,,,,,
Water bath,large,,,2,,,,,,,0,,,,,,,,,,,,,,,,,,,,,
,,,,,,,,,,,,,,,,,,,,,,,,,,,,,,,,
Miscellaneous Equipment :),,,,,,,,,,,,,,,,,,,,,,,,,,,,,,,,
Sterile inocculating loops,,,,1 box,,,,,,,0,,,,,,,,,,,,,,,,,,,,,
Plastic mini test tubes,,,,0,,,,,,,0,,,,,,,,,,,,,,,,,,,,,
Q-tips,,,,1/2 box,,,,,,,0,,,,,,,,,,,,,,,,,,,,,
gum arabic,,,,1,,,,,,,0,,,,,,,,,,,,,,,,,,,,,
gelatin boxes,,,,0,,,,,,,0,,,,,,,,,,,,,,,,,,,,,
dialysis tubing,,,,3.5,rolls,,,,,,0,,,,,,,,,,,,,,,,,,,,,
Pipe cleaners/Chenille Stems,,,,0,,,,,,,0,,,,,,,,,,,,,,,,,,,,,
Cell Reproduction/Mitosis supplies,,,,,,,,,,,,,,,,,,,,,,,,,,,,,,,,
"Microscope Slides, mitosis Specimens (gen bio)",Slides Onion Root Tip,,,0,,,,,,,0,,,,,,,,,,,,,,,,,,,,,
,Mitosis Models (each a different stage),,,0,,,,,,,0,,,,,,,,,,,,,,,,,,,,,
Mitosis Cards,,,,0,,,,,,,0,,,,,,,,,,,,,,,,,,,,,
Mitosis Felt Models,,,,0,,,,,,,0,,,,,,,,,,,,,,,,,,,,,
,,,,,,,,,,,,,,,,,,,,,,,,,,,,,,,,
Classification -- relevant equipment and supplies,,,,,,,,,,,,,,,,,,,,,,,,,,,,,,,,
Specimens,fungi,,,0,,,,,,,0,,,,,,bottom shelf,,2 boxes,,,,,,,,,,,,,
,cnidaria,,,0,,,,,,,0,,,,,,second shelf ,,2 boxes,,,,,,,,,,,,,
,annelids,,,0,,,,,,,0,,,,,,second shelf ,,1 tray,,,,,,,,,,,,,
,echinoderm,,,0,,,,,,,0,,,,,,bottom shelf,,1 box,,,,,,,,,,,,,
,arthropods,,,0,,,,,,,0,,,,,,4th shelf,,2 boxes,,,,,,,,,,,,,
,nematoda,,,0,,,,,,,0,,,,,,4th shelf,,1 box,,,,,,,,,,,,,
,Mollusks,,,0,,,,,,,0,,,,,,bottom shelf,,1 box,,,,,,,,,,,,,
,chordata,,,0,,,,,,,0,,,,,,top shelf,,2 boxes,,,,,,,,,,,,,
,protoclista,,,0,,,,,,,0,,,,,,second shelf ,,1 box,,,,,,,,,,,,,
,porifera,,,0,,,,,,,0,,,,,,second shelf ,,1 box,,,,,,,,,,,,,
,platyhelminthes,,,0,,,,,,,0,,,,,,4th shelf,,1 box,,,,,,,,,,,,,
Classification packets,,,,0,,,,,,,0,,,,,,,,2 kits,,,,,,,,,,,,,
,,,,,,,,,,,,,,,,,,,,,,,,,,,,,,,,
Microscopy,,,,,,,,,,,,,,,,,,,,,,,,,,,,,,,,
,,,,,,,,,,,,,,,,,,,,,,,,,,,,,,,,
Lens Care supplies,lens cleaner solution,,,0,,,,,,,0,,,,,,,,,,,,,,,,,,,,,
,"lens paper/wipes, packs",,,5,,,,,,,0,,,,,,,,,,,,,,,,,,,,,
Microscopes,Compound,,,21,these are the OLD scopes from when SHS opened! ,,,,,,18,,,,62,"44 in 1307 prep room,  18 in classroom ",,,26,,,,,,,,,,,,,
,Dissecting,,,0,,,,,,,0,,,,,,,,5,,,,,,,,,,,,,
Microscope Accessories,"Covers, plastic",,,21,,,,,,,18,,,,1 box,extras,,,,,,,,,,,,,,,,
,Eyepiece connectors (rubber),,,0,,,,,,,0,,,,,,,,,,,,,,,,,,,,,
,Power Cords (detachable),,,0,,,,,,,18,,,,1 box,unclaimed cords (extras),,,,,,,,,,,,,,,,
,Doskogil Document Camera + Suitcase,,,0,,,,,,,0,,,,,,,,,,,,,,,,,,,,,
,USB Cables,,,0,,,,,,,0,,,,1 box,extras,,,,,,,,,,,,,,,,
Microscope Camera,attachment for phone,,,1,,,,,,,0,,,,,,,,,,,,,,,,,,,,,
,"Camera, stand alone",,,0,,,,,,,0,,,,2,canon powershot A2300 digital cameras,,,,,,,,,,,,,,,,
,,,,,,,,,,,,,,,,,,,,,,,,,,,,,,,,
"Microscope Slides, clear","slide cases, blue, empty",,,0,,,,,,,1,,,,,,,,,,,,,,,,,,,,,
,"Clear, glass, boxes",,,21,,,,,,,0,,,,,,,,,,,,,,,,,,,,,
,"Scaled slides, mm measures",,,10,,,,,,,0,,,,,,,,,,,,,,,,,,,,,
,"Plastic coverslips, box",,,10,,,,,,,2,,,,,,,,,,,,,,,,,,,,,
,"Glass coverslips, box",,,0,,,,,,,0,,,,,,,,,,,,,,,,,,,,,
,plastic deep well slides,,,0,,,,,,,0,,,,,,,,,,,,,,,,,,,,,
,specimen rings,,,16,,,,,,,0,,,,,,,,,,,,,,,,,,,,,
,glass concave slide boxes,,,4,,,,,,,0,,,,,,,,,,,,,,,,,,,,,
"Microscope Slides, Specimen samples",Amoeba Slides,,,See this link for the IB Bio microscope slide inventory,,,,,,,0,,,,,,,,,,,,,,,,,,,,,
,anther slides,,,,,,,,,,0,,,,,,,,,,,,,,,,,,,,,
,ascaris mitosis slides,,,,,,,,,,0,,,,,,,,,,,,,,,,,,,,,
,Bacteria slides,,,,,,,,,,0,,,,,,,,,,,,,,,,,,,,,
,bacteria type slides,,,,,,,,,,0,,,,,,,,,,,,,,,,,,,,,
,blood smear slides,,,,,,,,,,0,,,,,,,,,,,,,,,,,,,,,
,brain slides,,,,,,,,,,0,,,,,,,,,,,,,,,,,,,,,
,diatom slides,,,,,,,,,,0,,,,,,,,,,,,,,,,,,,,,
,Elodea Slides,,,,,,,,,,0,,,,,,,,,,,,,,,,,,,,,
,epididymis slides,,,,,,,,,,0,,,,,,,,,,,,,,,,,,,,,
,Euglena Slides,,,,,,,,,,0,,,,,,,,,,,,,,,,,,,,,
,"fruit, flower buds slides",,,,,,,,,,0,,,,,,,,,,,,,,,,,,,,,
,leaf slides,,,,,,,,,,0,,,,,,,,,,,,,,,,,,,,,
,liver slides,,,,,,,,,,0,,,,,,,,,,,,,,,,,,,,,
,"lung slides, lung cancer",,,,,,,,,,0,,,,,,,,,,,,,,,,,,,,,
,muscle slides,,,,,,,,,,0,,,,,,,,,,,,,,,,,,,,,
,nerve slides,,,,,,,,,,0,,,,,,,,,,,,,,,,,,,,,
,onion root tip slides,,,,,,,,,,0,,,,,,,,,,,,,,,,,,,,,
,Oral Smear Slides,,,,,,,,,,0,,,,,,,,,,,,,,,,,,,,,
,ovary slides,,,,,,,,,,0,,,,,,,,,,,,,,,,,,,,,
,paramecium and euglena,,,,,,,,,,0,,,,,,,,,,,,,,,,,,,,,
,planaria slides,,,,,,,,,,0,,,,,,,,,,,,,,,,,,,,,
,pollen cone slides,,,,,,,,,,0,,,,,,,,,,,,,,,,,,,,,
,root slides,,,,,,,,,,0,,,,,,,,,,,,,,,,,,,,,
,sickle cell slides,,,,,,,,,,0,,,,,,,,,,,,,,,,,,,,,
,skin slides,,,,,,,,,,0,,,,,,,,,,,,,,,,,,,,,
,Slides Paramecium,,,,,,,,,,0,,,,,,,,,,,,,,,,,,,,,
,sperm slides,,,,,,,,,,0,,,,,,,,,,,,,,,,,,,,,
,stem longitudinal cross sections slide,,,,,,,,,,0,,,,,,,,,,,,,,,,,,,,,
,stem slides,,,,,,,,,,0,,,,,,,,,,,,,,,,,,,,,
,stomach slides,,,,,,,,,,0,,,,,,,,,,,,,,,,,,,,,
,testis slides,,,,,,,,,,0,,,,,,,,,,,,,,,,,,,,,
,various blood and lymph slides,,,,,,,,,,0,,,,,,,,,,,,,,,,,,,,,
,various singleton slides,,,,,,,,,,0,,,,,,,,,,,,,,,,,,,,,
,whitefish mitosis,,,,,,,,,,0,,,,,,,,,,,,,,,,,,,,,
antibiotic set,,,,31,,,,,,,0,,,,,,,,,,,,,,,,,,,,,
"Nutrient agar, powder",,,,2 bottles,,,,,,,0,,,,,,,,,,,,,,,,,,,,,
"Nutrient agar, solid",,,,0,,,,,,,0,,,,,,,,,,,,,,,,,,,,,
,,,,,,,,,,,,,,,,,,,,,,,,,,,,,,,,
L spreaders,,,,1 box,,,,,,,0,,,,,,,,,,,,,,,,,,,,,
Dissection Supplies,,,,,,,,,,,,,,,,,,,,,,,,,,,,,,,,
,,,,,,,,,,,,,,,,,,,,,,,,,,,,,,,,
Kits,,,,0,,,,,,,0,,,,,,,,,,,,,,,,,,,,,
Needle Probe,,,,140,,,,,,,0,,,,13,,,,,,,,,,,,,,,,,
Blunt Probe,,,,48,,,,,,,0,,,,6,,,,,,,,,,,,,,,,,
Scissors,,,,111,,,,,,,0,,,,,,,,,,,,,,,,,,,,,
Foreceps,,,,,see general supply inventory,,,,,,2,,,,,,,,,,,,,,,,,,,,,
Scapel,,,,32,,,,,,,18,,,,12,,,,,,,,,,,,,,,,,
Pins,,,,5,boxes,,,,,,0,,,,,,,,,,,,,,,,,,,,,
Trays,,,,61,18 large + 43 medium,,,,,,0,,,,4,,,,,,,,,,,,,,,,,
Rubber Tray Liner,,,,20,,,,,,,0,,,,,,,,,,,,,,,,,,,,,
Frogs,,,,0,,,,,,,0,,,,,,,,,,,,,,,,,,,,,
,,,,,,,,,,,,,,,,,,,,,,,,,,,,,,,,
,,,,,,,,,,,,,,,,,,,,,,,,,,,,,,,,
,,,,,,,,,,,,,,,,,,,,,,,,,,,,,,,,
Ecology/Environmental Systems,,,,,,,,,,,,,,,,,,,,,,,,,,,,,,,,
Tools,,,,,,,,,,,,,,,,,,,,,,,,,,,,,,,,
4 way soil analyzer,,,,0,,,,,,,0,,,,,,,,,,,,,,,,,,,,,
5-in-1 tools,,,,4,,,,,,,0,,,,,,,,,,,,,,,,,,,,,
PVC Pipe Cutter,,,,0,,,,,,,0,,,,,,,,,,,,,,,,,,,,,
Other equipment,,,,,,,,,,,,,,,,,,,,,,,,,,,,,,,,
Alconox cartin soap,,,,0,,,,,,,0,,,,,,,,,,,,,,,,,,,,,
"Beads, plastic",Small,,,so so many,,,,,,,0,,,,,,,,,,,,,,,,,,,,,
,medium,,,0,,,,,,,0,,,,,,,,,,,,,,,,,,,,,
,large,,,0,,,,,,,0,,,,,,,,,,,,,,,,,,,,,
Box of 750 toothpicks,,,,10,,,,,,,0,,,,,,,,,,,,,,,,,,,,,
Cellophane--various colors,,,,0,,,,,,,0,,,,,,,,,,,,,,,,,,,,,
Chlorine Strips,,,,0,,,,,,,0,,,,,,,,,,,,,,,,,,,,,
Collanders,Plastic,,,0,,,,,,,0,,,,,,,,,,,,,,,,,,,,,
,Metal,,,1,,,,,,,0,,,,,,,,,,,,,,,,,,,,,
Copper Containers,,,,0,,,,,,,0,,,,,,,,,,,,,,,,,,,,,
Copper Containers with Strips,,,,0,,,,,,,0,,,,,,,,,,,,,,,,,,,,,
,,,,,,,,,,,,,,,,,,,,,,,,,,,,,,,,
Dissolved oxygen probes,,,,0,,,,,,,0,,,,,,,,,,,,,,,,,,,,,
Distilled Water Container,,,,0,,,,,,,0,,,,,,,,,,,,,,,,,,,,,
DO Beakers,,,,0,,,,,,,0,,,,,,,,,,,,,,,,,,,,,
Double roll dispensers pH,,,,0,,,,,,,0,,,,,,,,,,,,,,,,,,,,,
Eocshpere bottles + lids,,,,0,,,,,,,0,,,,,,,,,,,,,,,,,,,,,
Electrode supports for DO probes,,,,0,,,,,,,0,,,,,,,,,,,,,,,,,,,,,
First aid Kit,,,,1,,,,,,,0,,,,,,,,,,,,,,,,,,,,,
"flexible straws, box of 100",,,,0,,,,,,,0,,,,,,,,,,,,,,,,,,,,,
Forestry Tape Measures,,,,0,,,,,,,0,,,,,,,,,,,,,,,,,,,,,
forestry Tape Measures,,,,0,,,,,,,0,,,,,,,,,,,,,,,,,,,,,
Hardness Containers,,,,0,,,,,,,0,,,,,,,,,,,,,,,,,,,,,
Hardness Containers with Strips,,,,0,,,,,,,0,,,,,,,,,,,,,,,,,,,,,
Kinwipes box,,,,0,,,,,,,1,,,,,,,,,,,,,,,,,,,,,
Magnifing Glasses,,,,9,,,,,,,0,,,,,,,,,,,,,,,,,,,,,
Marbles,,,,0,,,,,,,0,,,,,,,,,,,,,,,,,,,,,
Metal Flags,,,,0,,,,,,,0,,,,,,,,,,,,,,,,,,,,,
Misc Jars,,,,0,,,,,,,0,,,,,,,,,,,,,,,,,,,,,
Nitrate Nitride Containers,,,,0,,,,,,,0,,,,,,,,,,,,,,,,,,,,,
Nitrate Nitride with Strips,,,,0,,,,,,,0,,,,,,,,,,,,,,,,,,,,,
overhead projector,,,,1,,,,,,,0,,,,,,,,,,,,,,,,,,,,,
Placemats,,,,0,,,,,,,0,,,,,,,,,,,,,,,,,,,,,
Plant Hanger,,,,0,,,,,,,0,,,,,,,,,,,,,,,,,,,,,
Plant Presses,Large,,,0,,,,,,,0,,,,,,,,,,,,,,,,,,,,,
,Small,,,0,,,,,,,0,,,,,,,,,,,,,,,,,,,,,
PPM Bottle Model,,,,0,,,,,,,0,,,,,,,,,,,,,,,,,,,,,
Quadrats-Connectors,,,,0,,,,,,,0,,,,,,,,42,,,,,,,,,,,,,
Quadrats-Sides,,,,0,,,,,,,0,,,,,,,,50,,,,,,,,,,,,,
Rakes,,,,0,,,,,,,0,,,,,,,,,,,,,,,,,,,,,
Rope,,,,0,,,,,,,0,,,,,,,,,,,,,,,,,,,,,
Screw top test tubes,,,,0,,,,,,,236,,,,,,,,,,,,,,,,,,,,,
Secchi Disk,,,,0,,,,,,,0,,,,,,,,,,,,,,,,,,,,,
Soil Penetrometer,,,,1,,,,,,,0,,,,,,,,,,,,,,,,,,,,,
Soil Probes,,,,0,,,,,,,0,,,,,,,,,,,,,,,,,,,,,
Styrofoam trays,,,,0,,,,,,,6,,,,,,,,,,,,,,,,,,,,,
Tree Tangents,Green,,,0,,,,,,,0,,,,,,,,,,,,,,,,,,,,,
,Orange,,,0,,,,,,,0,,,,,,,,,,,,,,,,,,,,,
Trowels,,,,0,,,,,,,0,,,,,,,,,,,,,,,,,,,,,
tweezers,,,,0,,,,,,,0,,,,,,,,,,,,,,,,,,,,,
Books,,,,,,,,,,,,,,,,,,,,,,,,,,,,,,,,
Audobon Field Books,,,,0,,,,,,,0,,,,,,,,,,,,,,,,,,,,,
Pugar Field books,,,,0,,,,,,,0,,,,,,,,,,,,,,,,,,,,,
,,,,,,,,,,,,,,,,,,,,,,,,,,,,,,,,
Ecology Kits,,,,,,,,,,,,,,,,,,,,,,,,,,,,,,,,
Dissolved oxygen and aquatic primary productivity kit,,,,0,,,,,,,0,,,,,,,,,,,,,,,,,,,,,
Leaf litter bags,,,,30,,,,,,,0,,,,,,,,,,,,,,,,,,,,,
leaf litter kits,,,,0,,,,,,,0,,,,,,,,,,,,,,,,,,,,,
Pondwater Tour kit,,,,0,,,,,,,0,,,,,,,,,,,,,,,,,,,,,
Soil Model sets,,,,0,,,,,,,0,,,,,,,,,,,,,,,,,,,,,
Water ecology set,,,,0,,,,,,,0,,,,,,,,,,,,,,,,,,,,,
,,,,,,,,,,,,,,,,,,,,,,,,,,,,,,,,
,,,,,,,,,,,,,,,,,,,,,,,,,,,,,,,,
Plant Supplies,,,,,,,,,,,,,,,,,,,,,,,,,,,,,,,,
Grow light,,,,1,,,,,,,0,,,,,,,,,,,,,,,,,,,,,
,Tower,,,1,,,,,,,0,,,,,,,,,,,,,,,,,,,,,
,table-top,,,1,,,,,,,0,,,,,,,,,,,,,,,,,,,,,
,spare grow-light Bulbs,,,,,,,,,,2,,,,,,,,,,,,,,,,,,,,,
,grow light boxes,,,5,,,,,,,0,,,,,,,,,,,,,,,,,,,,,
Fast plant wicking set ups,,,,4,,,,,,,0,,,,,,,,,,,,,,,,,,,,,
Misc. fast plant supplies,,,,,,,,,,,0,,,,,,,,,,,,,,,,,,,,,
small potting pots,,,,144,,,,,,,3,,,,,,,,,,,,,,,,,,,,,
medium potting pots,,,,34,,,,,,,0,,,,,,,,,,,,,,,,,,,,,
large potting pots,,,,11,,,,,,,0,,,,,,,,,,,,,,,,,,,,,
,,,,,,,,,,,,,,,,,,,,,,,,,,,,,,,,
Soil auger,,,,0,,,,,,,0,,,,,,,,,,,,,,,,,,,,,
Water depth sampler,,,,0,,,,,,,0,,,,,,,,,,,,,,,,,,,,,
Kits,,,,,,,,,,,,,,,,,,,,,,,,,,,,,,,,
synthetic blood typing,,,,3,,,,,,,0,,,,,,,,,,,,,,,,,,,,,
amino acid kits,,,,32,,,,,,,0,,,,,,,,,,,,,,,,,,,,,
metabolism experiment kits,,,,1,,,,,,,0,,,,,,,,,,,,,,,,,,,,,
plant cell mobile kit,,,,0,,,,,,,0,,,,,,,,,,,,,,,,,,,,,
animals cell mobile kit,,,,0,,,,,,,0,,,,,,,,,,,,,,,,,,,,,
plant chromatography,,,,0,,,,,,,0,,,,,,,,,,,,,,,,,,,,,
Urinalysis kit,,,,0,,,,,,,0,,,,,,,,,,,,,,,,,,,,,
Genetics,,,,,,,,,,,,,,,,,,,,,,,,,,,,,,,,
Water Trays,,,,0,,,,,,,0,,,,,,,,,,,,,,,,,,,,,
Timer,,,,0,,,,,,,0,,,,,,,,,,,,,,,,,,,,,
Corn,,,,0,,,,,,,0,,,,,,,,,,,,,,,,,,,,,
Simulated Blood Fluids,,,,0,,,,,,,0,,,,,,,,,,,,,,,,,,,,,
Evolution,,,,0,,,,,,,,,,,,,,,,,,,,,,,,,,,,
Natural Selection Table Cloths,,,,0,,,,,,,0,,,,,,,,,,,,,,,,,,,,,
Paper Dots,,,,0,,,,,,,0,,,,,,,,,,,,,,,,,,,,,
Shell Fossils,,,,0,,,,,,,0,,,,,,,,,,,,,,,,,,,,,
Diversity,,,,,,,,,,,,,,,,,,,,,,,,,,,,,,,,
Seed dichotomous key set,,,,1,,,,,,,0,,,,,,,,,,,,,,,,,,,,,
leaf dichotomous key set,,,,1,,,,,,,0,,,,,,,,,,,,,,,,,,,,,
wildflower dichotomous key set,,,,1,,,,,,,0,,,,,,,,,,,,,,,,,,,,,
Insect choice trays,,,,7,,,,,,,0,,,,,,,,,,,,,,,,,,,,,
Misc. specimen jars,,,,1 set,,,,,,,0,,,,,,,,,,,,,,,,,,,,,
Natures Window preserved plants,,,,1,,,,,,,0,,,,,,,,,,,,,,,,,,,,,
Natures Window preserved animals,,,,1,,,,,,,0,,,,,,,,,,,,,,,,,,,,,
Physiology,,,,,,,,,,,,,,,,,,,,,,,,,,,,,,,,
Lung volume mouth guards,,,,so so so many,,,,,,,0,,,,,,,,,,,,,,,,,,,,,
Lung model,,,,1,,,,,,,0,,,,,,,,,,,,,,,,,,,,,
blood pressure cuffs,,,,33,,,,,,,0,,,,,,,,,,,,,,,,,,,,,
Stethoscopes,,,,35,,,,,,,0,,,,,,,,,,,,,,,,,,,,,
IB Bio Models,,,,,,,,,,,,,,,,,,,,,,,,,,,,,,,,
Molymod triglyceride,,,,1,,,,,,,,,,,,,,,,,,,,,,,,,,,,
Molymod phosphorous,,,,25,,,,,,,,,,,,,,,,,,,,,,,,,,,,
"skeleton ""Bob"" legs and arms only",,,,1,,,,,,,,,,,,,,,,,,,,,,,,,,,,
Goliath Tree Frog skeleton,,,,1,,,,,,,,,,,,,,,,,,,,,,,,,,,,
"Skeleton ""Tara""",,,,1,,,,,,,,,,,,,,,,,,,,,,,,,,,,
skeleton cover,,,,,,,,,,,,,,,,,,,,,,,,,,,,,,,,
Molymod o-chem model kits,,,,16,,,,,,,,,,,,,,,,,,,,,,,,,,,,
anatomy in clay model,,,,1,,,,,,,,,,,,,,,,,,,,,,,,,,,,
lab aid molecular model kits,,,,,,,,,,,,,,,,,,,,,,,,,,,,,,,,
flower,,,,1,,,,,,,,,,,,,,,,,,,,,,,,,,,,
gorilla skull mold,,,,1,,,,,,,,,,,,,,,,,,,,,,,,,,,,
human skull mold,,,,1,,,,,,,,,,,,,,,,,,,,,,,,,,,,
Skulls (homonid evolutionary sequence set),,,,,,,,,,,,,,,,,,,,,,,,,,,,,,,,
molymod gluccose,,,,1,,,,,,,,,,,,,,,,,,,,,,,,,,,,
Preserved model flower,,,,1,,,,,,,,,,,,,,,,,,,,,,,,,,,,
Preserved model fungi,,,,1,,,,,,,,,,,,,,,,,,,,,,,,,,,,
Beta globin sequences,,,,36,,,,,,,,,,,,,,,,,,,,,,,,,,,,
Chromosomes and meiosis kits,,,,1,,,,,,,,,,,,,,,,,,,,,,,,,,,,
elbow model,,,,1,,,,,,,,,,,,,,,,,,,,,,,,,,,,
3D molecular models of water (cups),,,,12,,,,,,,,,,,,,,,,,,,,,,,,,,,,
Bunny gene pool,,,,,,,,,,,,,,,,,,,,,,,,,,,,,,,,
small intestine,,,,1,,,,,,,,,,,,,,,,,,,,,,,,,,,,
plant cell,,,,1,,,,,,,,,,,,,,,,,,,,,,,,,,,,
animal cell,,,,1,,,,,,,,,,,,,,,,,,,,,,,,,,,,
Stomach model,,,,1,,,,,,,,,,,,,,,,,,,,,,,,,,,,
synapse model plate,,,,1,,,,,,,,,,,,,,,,,,,,,,,,,,,,
muscle fiber,,,,1,,,,,,,,,,,,,,,,,,,,,,,,,,,,
virus,,,,1,,,,,,,,,,,,,,,,,,,,,,,,,,,,
alveoli,,,,1,,,,,,,,,,,,,,,,,,,,,,,,,,,,
blood vessel,,,,1,,,,,,,,,,,,,,,,,,,,,,,,,,,,
SA:V modeling cubes,,,,9,,,,,,,,,,,,,,,,,,,,,,,,,,,,
Stuffed bunnies,,,,,,,,,,,,,,,,,,,,,,,,,,,,,,,,
"Human body model ""Pat""",,,,1,,,,,,,,,,,,,,,,,,,,,,,,,,,,
Heart,,,,1,,,,,,,,,,,,,,,,,,,,,,,,,,,,
3D Membrane Transport Models,,,,3 boxes,,,,,,,,,,,,,,,,,,,,,,,,,,,,